wheelbase,carlength,carwidth,carheight,curbweight,enginesize,boreratio,stroke,compressionratio,horsepower,peakrpm,citympg,highwaympg,price,fueltype_diesel,fueltype_gas,aspiration_std,aspiration_turbo,doornumber_four,doornumber_two,carbody_convertible,carbody_hardtop,carbody_hatchback,carbody_sedan,carbody_wagon,enginetype_dohc,enginetype_dohcv,enginetype_l,enginetype_ohc,enginetype_ohcf,enginetype_ohcv,enginetype_rotor,cylindernumber_eight,cylindernumber_five,cylindernumber_four,cylindernumber_six,cylindernumber_three,cylindernumber_twelve,cylindernumber_two
93.50406249342987,192.78776506883716,66.04554839017187,58.28083406959794,2468.8767860263083,139.8624887978112,3.42168589429626,2.168244997470036,9.815159137514314,87.27315744068429,5134.315368094789,20.958489220293743,23.511417703471075,13874.045415475144,0,1,1,0,0,1,1,0,0,0,0,1,0,0,0,0,0,0,0,0,1,0,0,0,0
94.30188597567727,170.1897546526061,66.11233223382096,53.171427430566126,2996.3601640076567,125.37066472712824,3.0547807613043,2.3380322371889166,8.515740269468578,113.36358758068702,4923.523005345503,21.336322944145834,29.76873819673723,11061.911777714435,0,1,1,0,0,1,1,0,0,0,0,1,0,0,0,0,0,0,0,0,1,0,0,0,0
109.71758916962935,167.7891024074915,62.3086252555672,49.26379426500859,2530.730277086687,168.7903824605815,2.5871034904031065,3.540354007650513,8.121323726429381,157.93743784449046,4892.453379669992,20.5217246220528,27.14033275647702,16506.60973487253,0,1,1,0,0,1,0,0,1,0,0,0,0,0,0,0,1,0,0,0,0,1,0,0,0
101.57941607778825,189.8600883652207,60.83795266783288,52.39592205258178,2833.9031462440316,135.66945009507523,2.8769975418093416,3.5298967943570965,11.717502511495391,104.82703922407917,6046.128027006496,24.65996569744866,29.841065132485443,13625.005570303012,0,1,1,0,1,0,0,0,0,1,0,0,0,0,1,0,0,0,0,0,1,0,0,0,0
107.50934544345964,197.6664824984766,78.61265565200111,52.77980854264562,2650.1067178610747,142.989789110195,2.8370476358096823,2.860201347050542,7.477287577676314,106.49798707295551,6174.394163408378,17.563951681734853,24.47657048690523,19150.669809825216,0,1,1,0,1,0,0,0,0,1,0,0,0,0,1,0,0,0,0,1,0,0,0,0,0
95.49241133709155,171.56498889936051,76.63280518508466,58.42084734110176,2987.024707212849,123.63081720684103,2.65094661402729,4.054435988525119,9.343568148410904,115.71856301328657,4843.255487708644,19.21991146070006,26.534971199966346,16159.829030539779,0,1,1,0,0,1,0,0,0,1,0,0,0,0,1,0,0,0,0,1,0,0,0,0,0
97.42468879689842,205.2778443312413,66.61034045916047,63.153329100888946,2812.3104573046085,114.07039549334246,2.8785891645388495,3.1445741529925435,8.704110741117375,110.28530658924984,4888.84323236259,20.630532719666128,23.660189305812214,18466.930582296387,0,1,1,0,1,0,0,0,0,1,0,0,0,0,1,0,0,0,0,1,0,0,0,0,0
100.82343888711799,186.9403664092015,75.25393076325143,57.03855730941492,2581.4542749454513,142.11088462004662,2.9707380205972633,3.186381668957636,8.176069069649827,115.28743049938075,5765.39208112073,17.188172884641137,24.422935468964205,20439.06416727977,0,1,1,0,1,0,0,0,0,0,1,0,0,0,1,0,0,0,0,1,0,0,0,0,0
116.93112548128695,174.49299085348534,63.490796287667855,60.71567760787129,3340.189984709802,127.13466173104943,3.253786583816692,3.925558347404723,7.027134395852762,137.43012705415296,5798.69109469825,18.242504987236945,21.89135172033493,21521.54802152521,0,1,0,1,1,0,0,0,0,1,0,0,0,0,1,0,0,0,0,1,0,0,0,0,0
100.7947215075748,140.5487586903797,72.20215737798844,55.78949169551208,3200.292181674251,141.69154552184162,2.9377093659444298,3.327080346725281,6.944143507464532,159.72761893896674,5988.927237241402,19.46980985348412,18.747556754750168,18490.783035930795,0,1,0,1,0,1,0,0,1,0,0,0,0,0,1,0,0,0,0,1,0,0,0,0,0
108.1282454836654,176.0188909622108,69.33481620974321,52.7025275300461,2181.8431068951827,125.57456060464725,3.814289511648407,2.854636029979808,8.93291184662043,87.61265422100925,5894.599454948096,21.943459681831364,30.844888855806225,15902.667503335906,0,1,1,0,0,1,0,0,0,1,0,0,0,0,1,0,0,0,0,0,1,0,0,0,0
100.0803276676074,202.86917853619482,62.83322611441395,51.6764520726907,2301.4688091834273,114.48726287388448,3.6375111977648698,3.3426247059870695,10.037054984647247,96.13782567322315,6498.687879089045,24.336093372897164,28.74105351597904,16815.049606616907,0,1,1,0,1,0,0,0,0,1,0,0,0,0,1,0,0,0,0,0,1,0,0,0,0
112.7838248966594,179.10259981953917,74.37141978333688,56.03117624514413,2935.3449411230185,173.00831384323973,2.817649694401873,3.5575773476881807,9.470200759148911,134.31024025445808,4157.161335903009,20.677668949152952,27.14294060860768,17387.24652015695,0,1,1,0,0,1,0,0,0,1,0,0,0,0,1,0,0,0,0,0,0,1,0,0,0
92.56157817270997,185.79076123161616,51.54306124519378,52.10690826070568,2795.231779590176,180.15913913216056,3.371503678000868,2.836197193023036,9.988601965249162,95.29004978232487,4637.251708214402,22.23852159631186,23.855836275156175,17751.149103069307,0,1,1,0,1,0,0,0,0,1,0,0,0,0,1,0,0,0,0,0,0,1,0,0,0
119.53625020980922,213.92243597351373,60.291043781569144,60.695903718503786,3564.378427522354,155.53987947554333,2.940240908439258,3.1679618198799457,7.6420083526755205,111.67094280785689,3916.1841975228735,19.835844316484096,27.104365881530743,23804.027450092544,0,1,1,0,1,0,0,0,0,1,0,0,0,0,1,0,0,0,0,0,0,1,0,0,0
107.51129069689071,208.95992452864783,58.4697902180376,47.71588359377139,3535.6691447238763,249.0718230963214,3.456441088304432,3.8833748192833006,7.652972527187606,173.22221624614482,6077.278885738954,16.676883319231703,20.800732350300496,30976.52094079801,0,1,1,0,1,0,0,0,0,1,0,0,0,0,1,0,0,0,0,0,0,1,0,0,0
111.64429750859287,174.31436059471594,77.04801210743922,52.618195745978255,2840.8159045718903,205.19824269471448,3.2363044732988,3.398839837931507,9.367934363067995,186.92057543213542,6250.657998853742,14.156898482601758,18.98652454682272,42967.75566190282,0,1,1,0,0,1,0,0,0,1,0,0,0,0,1,0,0,0,0,0,0,1,0,0,0
122.37300406196722,188.2243565145316,80.33013705790101,52.38039281186694,2870.2085810995663,211.89359980331676,3.317853822693497,3.11239764688985,8.491050384017896,183.63401278587762,4652.791624818031,14.547879611034439,20.371641445493168,35016.18397285818,0,1,1,0,1,0,0,0,0,1,0,0,0,0,1,0,0,0,0,0,0,1,0,0,0
85.80501803517267,140.85054211596147,69.0295603942453,54.213079168348365,1309.7247444494205,59.03113506403153,3.2638093642846924,2.365369850971425,9.936642430858278,44.47742270249999,5298.19378276168,44.51205802768626,54.808372007988446,5940.3732201865205,0,1,1,0,0,1,0,0,1,0,0,0,0,1,0,0,0,0,0,0,0,0,1,0,0
97.66840227828163,143.0961743795179,76.68817997197289,51.80934762584596,1582.2732977716137,84.1568180906043,2.7514897926484183,2.947475303482118,9.881121550124734,63.89941655696043,5043.126401391479,37.40379447996605,39.021002152277546,5975.868990614898,0,1,1,0,0,1,0,0,1,0,0,0,0,0,1,0,0,0,0,0,1,0,0,0,0
94.78217005909643,172.2482188546161,58.25984310962804,58.83562849050714,1753.5078800496215,93.93638713904285,2.9806293144325853,3.1434147297988226,10.333653853988947,65.15095176326946,4861.213929996212,41.31031606410846,40.36341190103918,6984.809383141062,0,1,1,0,1,0,0,0,0,1,0,0,0,0,1,0,0,0,0,0,1,0,0,0,0
81.26390913641232,165.81112002207888,74.71657047416265,60.077244659959824,1907.5321455277387,78.84859439269549,3.3585462974340845,3.2345846450671445,9.546287928527216,64.37426884680109,6295.825384323217,42.947294872531785,43.73107608586007,5372.408778691835,0,1,1,0,0,1,0,0,1,0,0,0,0,0,1,0,0,0,0,0,1,0,0,0,0
95.92608901584832,142.11913539498846,63.063820322523526,42.97832263689615,1795.705976078406,89.4656780566968,2.797036751142492,2.658807269804432,9.944017659999975,69.19298980355833,5761.198810689411,29.602830231777677,31.110019944050944,6646.953663451395,0,1,1,0,0,1,0,0,1,0,0,0,0,0,1,0,0,0,0,0,1,0,0,0,0
99.40374571669696,175.91669404159464,69.3093209024087,59.98269005745738,2226.1198271561975,86.95303817130667,3.3263080597928694,3.538123971902092,6.926751893261543,104.96264580200352,5527.5321559741415,20.956422900859867,32.659401080152556,9069.191824415888,0,1,0,1,0,1,0,0,1,0,0,0,0,0,1,0,0,0,0,0,1,0,0,0,0
77.98385875921602,168.7205490221519,69.41366556893865,55.40433255540551,1948.6378328590815,86.20978156102083,2.822192907408193,3.3497072275174835,9.997763650978795,65.64460140936681,5187.9631174103,30.0758368349131,38.77976686291697,6248.763611477773,0,1,1,0,1,0,0,0,1,0,0,0,0,0,1,0,0,0,0,0,1,0,0,0,0
78.64094322752307,165.68731252047712,73.18656435526704,49.92433104592279,1617.6981025648406,86.69497697137274,3.118235033322647,2.9932993019368803,10.630974733591934,67.97214005073572,7210.733670975639,30.645135601561854,38.854703182913745,6644.465131753449,0,1,1,0,1,0,0,0,0,1,0,0,0,0,1,0,0,0,0,0,1,0,0,0,0
88.78909420691342,146.03258599528337,64.66561086540254,52.26137764267153,2192.2337672538306,92.63063134700371,2.3418296694405463,3.0643463140433944,10.326721554373629,66.41857355347528,4662.585995376755,30.51998378767087,37.70468089269295,7139.033032858576,0,1,1,0,1,0,0,0,0,1,0,0,0,0,1,0,0,0,0,0,1,0,0,0,0
90.24229735253905,152.9394050372922,61.26428025078185,51.90517321292908,2099.6802108320576,106.37714485359463,3.1804649787834416,3.2726005525959563,9.237626257538398,92.04308997332461,6126.081101767486,27.0498071531313,33.190935070721885,9204.024084420085,0,1,0,1,0,1,0,0,0,1,0,0,0,0,1,0,0,0,0,0,1,0,0,0,0
111.19082154647441,142.54934154675277,57.90119690241165,62.20171106753479,2323.912422401663,125.7730581145253,3.5956608623932205,3.610534873976109,8.628764584292131,95.83633510289806,5377.534041677667,24.822559216978362,29.381607421760286,10201.711289967543,0,1,1,0,1,0,0,0,0,0,1,0,0,0,1,0,0,0,0,0,1,0,0,0,0
83.17248083549339,208.4655637495521,65.5677166927537,59.54358736425255,2415.3143740516975,151.3596480947331,3.6042088576478264,4.414946637043489,6.870641286210771,139.58433361984876,4776.4277240146885,19.540193055141465,25.526362584869467,12191.1239244604,0,1,0,1,0,1,0,0,1,0,0,0,0,0,1,0,0,0,0,0,1,0,0,0,0
114.7003719834201,134.57976784509754,74.55907548805197,52.138879363863076,1715.108260433546,87.74607585855796,2.7205322221884405,3.1946955023489267,8.134127033820574,61.412601970060805,5066.142022247158,47.52659469190799,51.111335524711734,7132.206514921534,0,1,1,0,0,1,0,0,1,0,0,0,0,0,1,0,0,0,0,0,1,0,0,0,0
80.36943694323986,126.11925879041564,69.61235832686407,56.119086835889206,1794.7547824476947,90.6897384218447,2.877282887385593,3.1345255894901394,9.018680741971426,84.75348504091397,6070.5315546583815,34.54176954927712,35.26993673412344,6232.718520474596,0,1,1,0,0,1,0,0,1,0,0,0,0,0,1,0,0,0,0,0,1,0,0,0,0
99.69824798210554,149.81165396193188,66.32351394993698,51.85345537002027,1599.2848349208937,72.10924070523417,3.3431961458247828,3.2304523965986225,12.094270878513004,58.33737767940275,6076.6395063771415,40.812366694352626,40.838784956983254,4980.464061886732,0,1,1,0,0,1,0,0,1,0,0,0,0,0,1,0,0,0,0,0,1,0,0,0,0
83.12855056598706,153.5640781233948,67.83305097448056,59.429153928835746,2257.4012940191915,91.29137391384916,2.8691764667206443,3.5737720411370364,11.096994807848429,83.76369076051985,6765.057067010217,31.7994930005264,40.96502283188369,6370.004251613671,0,1,1,0,0,1,0,0,1,0,0,0,0,0,1,0,0,0,0,0,1,0,0,0,0
108.50423158033753,154.46373002575754,60.235540691982706,60.22375634339546,2200.9253253790894,93.01907171593872,3.0625957630783422,3.1999497942731194,8.862039914808935,73.01940286140344,6055.613116671921,31.522085975517083,31.2561676565438,6654.26132885267,0,1,1,0,0,1,0,0,1,0,0,0,0,0,1,0,0,0,0,0,1,0,0,0,0
92.80910374417455,136.3755125337594,59.930052144240484,55.8504224431724,1944.0658258370756,87.421869064133,2.952596578009311,2.730302587623839,8.992744735958672,81.22547614539212,6305.912913542517,30.662803442625076,30.388307997596897,7210.000163100786,0,1,1,0,1,0,0,0,0,1,0,0,0,0,1,0,0,0,0,0,1,0,0,0,0
75.20894264844924,142.91517468636013,45.12852253590674,61.70890173820689,2090.043933234655,83.99241940793317,3.177542064277876,3.1223072166703183,8.815121690329022,68.4446681508346,5604.724143050185,34.92450163409411,29.083287642653243,7366.692165798572,0,1,1,0,1,0,0,0,0,0,1,0,0,0,1,0,0,0,0,0,1,0,0,0,0
98.26088866617188,165.01186656675318,63.91975467627713,52.191282269894,2394.940044672227,120.35371330374126,2.757917941466407,3.3264987590291986,8.73968889390555,110.06729761665356,5939.80449863482,27.063911734060923,32.57820329718066,7307.411708482039,0,1,1,0,0,1,0,0,1,0,0,0,0,0,1,0,0,0,0,0,1,0,0,0,0
94.03455189799794,176.21506895174522,70.67435336405983,55.83121156739384,3022.6991463105032,91.62908381173636,3.269869971950402,3.6234769734219108,8.320543769674476,93.4347829503448,6084.138410224182,26.5276635290468,33.88060451684718,7920.7630374476585,0,1,1,0,0,1,0,0,1,0,0,0,0,0,1,0,0,0,0,0,1,0,0,0,0
77.42044169367243,182.66967031241586,64.26145491683639,52.20252384865491,2372.769363140812,94.9059521847519,2.917134564389909,3.7874420853177484,9.542080568794981,90.25005416977424,5769.088035320865,28.439973153423967,36.716216480714316,8989.183255435779,0,1,1,0,1,0,0,0,0,1,0,0,0,0,1,0,0,0,0,0,1,0,0,0,0
99.6984550216368,152.53152928086084,63.39315941848174,54.399851375892695,2584.375486671302,104.97392564890316,3.8474164164198252,3.680498064843313,9.488862602978704,87.64320644155893,5710.128204432982,25.931652679506946,28.30310475239155,11892.037426803005,0,1,1,0,1,0,0,0,0,1,0,0,0,0,1,0,0,0,0,0,1,0,0,0,0
92.30195383272145,194.99160460409678,71.85851551621505,47.432275373047084,2292.087282470822,123.76016319713833,3.49536107455379,2.607852280876867,9.53953594751034,109.60797402410273,5261.958571112978,26.472856959948874,27.061851968221408,12652.914657603807,0,1,1,0,1,0,0,0,0,1,0,0,0,0,1,0,0,0,0,0,1,0,0,0,0
103.03339747358872,150.9144031144035,65.75967531420892,50.84410533233402,2348.8989398025033,104.2619540767566,3.1640216947039286,3.7194103818982014,8.565085964507244,106.09399161369905,6107.8570131115375,25.45806486145317,29.500150463688673,10885.256451276347,0,1,1,0,0,1,0,0,0,1,0,0,0,0,1,0,0,0,0,0,1,0,0,0,0
85.59706949193546,184.56038551944394,66.96828352645115,55.69813799478736,2257.362908993469,105.527997908157,3.6209702810665068,2.9868607556808136,9.161266983223202,71.15949145744781,5369.526587199405,28.80282754173047,31.78882538427287,6993.1430986280075,0,1,1,0,1,0,0,0,0,1,0,0,0,0,1,0,0,0,0,0,1,0,0,0,0
87.9801220437964,134.36586461000766,69.64027748777993,55.77392874944127,1635.6009717624574,106.5502458705292,2.4655701465297124,3.5133113660345288,9.98581772693091,70.12547541816608,5555.84467173345,43.3918040487707,47.487087630625915,8181.831296779647,0,1,1,0,0,1,0,0,0,1,0,0,0,0,1,0,0,0,0,0,1,0,0,0,0
90.61423401649328,167.6052116331932,58.218568821806116,47.74933664192284,1926.4899370602777,84.60226557579648,3.143548603367005,3.5453042457750654,10.704687091997018,68.63956698667405,6157.204968000633,38.53829564588024,47.135829661181646,8014.820583234372,0,1,1,0,1,0,0,0,0,1,0,0,0,0,1,0,0,0,0,0,1,0,0,0,0
105.35147187923653,181.08680679762918,59.4867127370913,50.742731652744425,3210.0466152326503,130.94431073954536,3.815578003856891,3.3079804659482965,9.92187047958137,91.82010542832435,5201.736335096109,28.876645846296178,25.58883470946948,12061.825866502097,0,1,1,0,0,1,0,0,1,0,0,0,0,0,1,0,0,0,0,0,1,0,0,0,0
123.15413937637047,192.6384351699366,67.10529616899372,51.65754436596673,3708.6723528808247,230.19175633443186,3.12217013776508,4.842701169352173,8.942178429877718,184.26704557358113,5181.996000060183,16.883772787092127,17.821367708990245,31436.97679964376,0,1,1,0,1,0,0,0,0,1,0,1,0,0,0,0,0,0,0,0,0,1,0,0,0
99.7852751824952,165.2224171104773,77.32507232025709,56.6435627800833,3860.175031402648,262.94511486176765,3.467850989990298,4.401783708318537,8.814121685432273,171.10685029867204,4295.42957711693,16.550332246238288,18.398741344968663,36207.76568411957,0,1,1,0,1,0,0,0,0,1,0,1,0,0,0,0,0,0,0,0,0,1,0,0,0
99.73194672345863,185.37408114999286,73.58281092854091,49.34421944927991,3755.315939349566,283.7313655005047,3.518535256967302,2.7882708036739596,12.387432490972747,263.9516386410274,3775.795721843241,14.12178753075888,14.636792158146779,34754.19799552102,0,1,1,0,0,1,0,0,0,1,0,0,0,0,0,0,1,0,0,0,0,0,0,1,0
88.63881140446992,121.29547406010894,77.55033684113141,57.06279188364903,2114.6163645078036,83.24276992412807,2.6621854963078277,3.2125363217769034,9.955428045661575,63.49669848915196,5807.221015412047,29.369794169924596,27.482078773225066,5509.529734760386,0,1,1,0,0,1,0,0,1,0,0,0,0,0,1,0,0,0,0,0,1,0,0,0,0
86.58630850607592,175.96117326058967,58.44077818279083,58.124239373589056,2003.114166279455,101.14815048197772,3.670601490673544,2.9482692968824153,9.48278810412024,60.40360363177179,5416.676548138048,27.31269567740843,35.14001965053436,5799.780208888702,0,1,1,0,0,1,0,0,1,0,0,0,0,0,1,0,0,0,0,0,1,0,0,0,0
92.22639798805096,170.24051161335842,65.2856986768877,58.732154531044515,2083.553957920433,80.08839562937962,3.136245778703324,3.8846330056445435,9.107816202039198,59.75081816183058,4688.6049853890545,34.64815717390095,38.72230844637344,7484.688393223535,0,1,1,0,0,1,0,0,1,0,0,0,0,0,1,0,0,0,0,0,1,0,0,0,0
85.06688612630876,137.24970555130648,64.9054386361182,64.37432743241719,1927.4543843967647,99.99736998379775,2.787679241629015,2.894209851653666,10.176641748725611,58.53831370378801,4322.768839121128,34.54144587814563,37.2481832484866,6558.108011668488,0,1,1,0,1,0,0,0,0,1,0,0,0,0,1,0,0,0,0,0,1,0,0,0,0
80.6203432767436,194.54662767671513,60.89024797584142,62.695348752142245,1842.9285613988213,85.37836717523494,3.0117175692766422,3.3745193630495436,8.353791033965832,76.67363195410552,5628.954856945946,33.66196595787306,41.64910165865267,7453.266664077121,0,1,1,0,1,0,0,0,0,1,0,0,0,0,1,0,0,0,0,0,1,0,0,0,0
91.98831396383575,123.4797414032546,63.50226956187273,46.420958844688755,2486.3186521904536,76.09389967895254,3.3220157628842357,3.4052535541911775,10.586547022440513,105.26295197829705,6674.131631903799,16.013056101642533,23.458335758951314,11440.80337531128,0,1,1,0,0,1,0,0,1,0,0,0,0,0,0,0,0,1,0,0,0,0,0,0,1
86.81169148649121,178.83263195078538,79.37495325037871,52.278162734331715,2775.5236206721415,78.39022773559934,3.828453597705515,3.1432470050895973,10.812965184880424,113.70153050579516,6642.861283112264,16.695944471263317,19.399462318794562,11777.32708367549,0,1,1,0,0,1,0,0,1,0,0,0,0,0,0,0,0,1,0,0,0,0,0,0,1
109.17537703952677,165.40687348393604,68.58737684453425,56.464316466799815,2750.426817925307,66.39324698067406,3.9362122430784314,2.5660644678599973,8.813252474479349,105.98957728268266,5551.421696042055,14.127863948502762,20.236233248270477,13859.609685251615,0,1,1,0,0,1,0,0,1,0,0,0,0,0,0,0,0,1,0,0,0,0,0,0,1
80.1287250213956,161.90743648936038,66.16761491015502,46.84131247936083,2299.806381259819,80.93120337607445,3.7301978351295237,3.203989257682365,9.112747612254308,147.37549407534257,5834.532719049928,16.90453670159001,24.535525491128084,15486.233311187672,0,1,1,0,0,1,0,0,1,0,0,0,0,0,0,0,0,1,0,0,0,0,0,0,1
96.79749570497071,182.88445766079855,74.87590089548878,51.50372415693742,2595.457280939705,101.08309648977858,3.2937673711136286,3.1307997561807492,9.01675466632951,76.92509997501594,4633.882402525192,26.117849348381363,25.936792294305622,9582.379987271472,0,1,1,0,0,1,0,0,1,0,0,0,0,0,1,0,0,0,0,0,1,0,0,0,0
81.66418371864444,182.01246423069765,69.60065756038871,48.0403604779793,2126.8053851235954,116.98131239388154,3.371379891309811,3.3166891194821084,6.012805082370773,77.99243910311927,5041.244001600738,26.449266503530694,33.56180551167136,8869.849316378402,0,1,1,0,1,0,0,0,0,1,0,0,0,0,1,0,0,0,0,0,1,0,0,0,0
82.98672305560729,152.35240529506223,52.666360609721224,51.83390447941592,2875.336396990449,137.40879317933977,2.9560532149384304,3.087866460368354,7.598915533907707,83.93772990584041,5270.877386777996,24.159752500916284,30.157634753806466,12072.974519156869,0,1,1,0,0,1,0,0,1,0,0,0,0,0,1,0,0,0,0,0,1,0,0,0,0
101.82203312807079,167.07153311503703,60.69721670890242,49.00650548920835,3044.043846529666,120.3349200054103,3.3379976638584994,2.854283156155742,8.178578703383312,67.56093833628013,4534.924710622133,28.478504147655343,28.83853504249927,10359.956788629032,0,1,1,0,1,0,0,0,0,1,0,0,0,0,1,0,0,0,0,0,1,0,0,0,0
109.68268032053979,178.9934537681851,70.42809809865894,54.60298493111624,2176.516242786795,122.00768847023038,3.5281564870767093,3.236498816653791,20.81169242199469,55.14189629619223,3512.3353420433114,30.5138831179378,42.49133688559378,9588.986533982681,1,0,1,0,1,0,0,0,0,1,0,0,0,0,1,0,0,0,0,0,1,0,0,0,0
104.56488585022755,195.63397422563207,63.910008456867644,55.529927183995945,2513.386004063922,113.22128031243895,3.7452132304461516,3.5767999484873743,8.677262520690455,80.8363147301069,3823.312363958062,27.03476405752999,29.6148213330008,11987.734419932369,0,1,1,0,1,0,0,0,1,0,0,0,0,0,1,0,0,0,0,0,1,0,0,0,0
106.77501264137332,176.2744368282103,67.60738018152134,41.784705150561365,2845.8820443283244,136.2193215493127,3.4363058900118446,3.2632595755642426,8.984560439995434,131.53781036920844,4924.745193245083,23.883741957328493,31.69624474734853,18323.623817591222,0,1,1,0,1,0,0,0,0,1,0,0,0,0,1,0,0,0,0,0,1,0,0,0,0
114.53998549864261,163.3138503214517,52.13734856066898,58.541049835026946,2925.9977604690575,132.20298591280863,3.6637259385374414,3.8799187560116493,17.696210432598438,79.38791880823351,3904.3373944992445,32.710504704736316,37.98033580961705,18390.62813683248,1,0,1,0,1,0,0,0,0,1,0,0,0,0,1,0,0,0,0,0,1,0,0,0,0
103.43062809878879,202.7459693036884,80.98088081184967,61.44281323619958,3855.246834525628,162.3450044693247,3.7493623698708016,3.7403580379188464,24.821427444610638,132.63520381903373,4016.4880244363117,17.840363918871912,25.478807558713033,28137.85754684226,1,0,0,1,1,0,0,0,0,1,0,0,0,0,1,0,0,0,0,1,0,0,0,0,0
94.20793142309525,221.35757100173194,75.32176345957053,60.30165713291347,3833.1604251796884,192.67674010569942,3.5008454017982342,3.447927981519744,23.91115141342907,120.23223031778674,3217.986474895387,22.166579997550986,29.723828532751224,28485.284557481584,1,0,0,1,1,0,0,0,0,0,1,0,0,0,1,0,0,0,0,1,0,0,0,0,0
103.26057141456377,170.28356960498624,86.70832649072294,53.22530909289222,3300.20205190171,204.9525486506157,3.0777512105993647,3.4061482832041907,21.69655484978215,125.10793292001003,3640.9899499219355,21.679149927787478,25.716384797126548,34668.77487645961,1,0,0,1,0,1,0,1,0,0,0,0,0,0,1,0,0,0,0,1,0,0,0,0,0
140.561774462787,204.6340335699871,81.88952075461108,58.85662153379813,4171.822872849058,177.9362878432596,3.6526191900941662,3.4294183331885226,19.6896524823309,127.3419337649888,3929.1755100032756,19.78454658586172,23.205602958739235,33222.663761734475,1,0,0,1,1,0,0,0,0,1,0,0,0,0,1,0,0,0,0,1,0,0,0,0,0
101.14978892619742,190.99420000298855,81.90555295297355,55.109903042275754,4110.519016552597,245.9489306837614,4.056323519913095,2.649048257846347,9.068411282815648,141.36078948937643,4980.05666532185,14.543141906213481,16.628231335107902,32794.55259542863,0,1,1,0,1,0,0,0,0,1,0,0,0,0,0,0,1,0,1,0,0,0,0,0,0
84.51872093552217,147.154641052684,66.60419042874486,60.34968969273697,3732.656226187895,243.3677599585126,3.0842634060311043,3.0564086179890015,10.446974228529479,140.93982735458508,4318.621651049798,17.727249670424037,18.67277839704969,33676.322490444414,0,1,1,0,0,1,1,0,0,0,0,0,0,0,0,0,1,0,1,0,0,0,0,0,0
134.64494150235214,230.13313992268363,64.52758278733772,67.01996636416453,3560.175472695767,305.33099530345453,2.8942912909989036,2.708259851252438,8.584871177630863,196.24231478955133,4319.248847625395,14.879079142229605,14.866744202630413,41028.05754864103,0,1,1,0,1,0,0,0,0,1,0,0,0,0,0,0,1,0,1,0,0,0,0,0,0
108.15210535321798,206.83506111640625,69.21125100639941,57.920445490501955,3635.0680020258937,322.7463840233336,4.302044962169132,2.8770034289942634,8.467646867022118,156.14602895624682,5278.071156787812,14.458288141175862,17.038953859221717,52349.70938220626,0,1,1,0,0,1,0,1,0,0,0,0,0,0,0,0,1,0,1,0,0,0,0,0,0
99.96655029431324,169.1647377359663,78.35820816613789,61.45904734430291,2880.808176872336,142.2163383649196,3.3520089826056876,2.9638682457655485,7.752051697836366,170.95863011180944,5038.366593962129,21.47925558777088,22.75362296199376,15997.284193367952,0,1,0,1,0,1,0,0,1,0,0,0,0,0,1,0,0,0,0,0,1,0,0,0,0
84.78758615473821,166.640876102941,60.113743357178,40.87968507623947,1830.1853847292944,87.91419819438536,3.081728405656927,3.6898967244510867,10.367886455263665,67.24648257077048,4629.376562754196,42.523393447361954,39.0003732372658,4796.832568169571,0,1,1,0,0,1,0,0,1,0,0,0,0,0,1,0,0,0,0,0,1,0,0,0,0
82.76407701426608,145.42902718203553,52.44287442724701,49.83908374015759,1949.906080884626,98.96230777607207,3.6794601002556715,2.9338389473811795,10.258929076395521,71.99295847729914,5389.222224085148,34.64265361008324,37.08078176220378,5675.53318814767,0,1,1,0,0,1,0,0,1,0,0,0,0,0,1,0,0,0,0,0,1,0,0,0,0
99.07446835613766,176.34664229150192,67.17325515022368,53.41923681613384,2281.3699137408576,88.88133789415674,3.2153167114343364,3.7617749577893504,8.70472210028878,68.29964825464924,6662.097785726057,28.77498457206813,31.565362702434257,6387.903295281449,0,1,1,0,0,1,0,0,1,0,0,0,0,0,1,0,0,0,0,0,1,0,0,0,0
87.49893414313932,167.0229243897194,57.85514549950998,48.02191465798575,2130.317446953408,97.66669481005985,2.6405927942238994,3.1457386514693524,5.914927101448264,102.06518432683629,5886.590843891698,22.28183068986853,29.93331466245204,9112.443203991283,0,1,0,1,0,1,0,0,1,0,0,0,0,0,1,0,0,0,0,0,1,0,0,0,0
95.76962150629357,163.35792696995605,64.39561868710004,50.58656710278419,2699.721503063493,110.82896189569068,3.314784757417519,3.6726739163457673,8.611331908584715,132.30333219469716,4324.519045856261,21.97783424519756,33.315704699766606,9760.048189275556,0,1,0,1,0,1,0,0,1,0,0,0,0,0,1,0,0,0,0,0,1,0,0,0,0
123.23962116369974,172.0328650927142,71.26439916742105,47.53152273358324,2061.01834060558,114.50151499742287,3.1852995107829036,3.278310884374329,8.535696578019143,90.78566674053205,5705.382979881879,28.064160949248176,33.28681780907975,9370.297408621636,0,1,1,0,0,1,0,0,1,0,0,0,0,0,1,0,0,0,0,0,1,0,0,0,0
100.46916328661955,174.0287564344276,72.20003820705438,53.30059918220478,2934.679925995253,166.77282949269593,3.9688425903637214,4.185437644229026,8.106316446293345,151.719712270927,4471.701530247815,20.08579104290809,23.870128163133007,12532.611837027975,0,1,0,1,0,1,0,0,1,0,0,0,0,0,1,0,0,0,0,0,1,0,0,0,0
109.19048743284401,163.81319697123612,71.90161274197294,50.96300500121246,2785.728905507331,147.94457706675797,4.298998484149821,4.15572221121577,7.039488653540464,151.92288891633686,4682.18764714238,20.78463639858749,25.832352423953214,14419.168736911266,0,1,0,1,0,1,0,0,1,0,0,0,0,0,1,0,0,0,0,0,1,0,0,0,0
83.60790554580036,171.5787529428262,60.732101671059795,50.66291205789261,2648.974356320642,181.32078213863682,3.2308457989903165,3.980257308196276,5.598473525932192,132.44175782032656,5434.076074066162,19.36815823924351,25.426952409410774,14763.920614832346,0,1,0,1,0,1,0,0,1,0,0,0,0,0,1,0,0,0,0,0,1,0,0,0,0
104.95832549333146,183.09917687403941,57.26009776450334,48.40937627655441,2408.0045819761835,117.7065413269928,3.5545295411262563,3.2630249095518673,8.331137844760159,100.23395748366411,5488.813524181556,21.49836557942858,33.46405728896056,6745.0115959249615,0,1,1,0,1,0,0,0,0,1,0,0,0,0,1,0,0,0,0,0,1,0,0,0,0
103.55735629926497,158.43062445846417,66.98477255095985,52.3986994968048,2971.1786669298945,116.50727036984128,2.9949985686044918,3.267535771525107,8.789058854792257,79.09500949272173,4929.795219479001,28.917162335329017,35.24754214548697,7942.5090349681295,0,1,1,0,1,0,0,0,0,1,0,0,0,0,1,0,0,0,0,0,1,0,0,0,0
116.64511958438109,203.41974870904897,68.19507096272517,54.02301734954735,2690.1061095888745,108.87769189381244,3.2455618123334404,3.050933393369305,7.184093881103153,115.01962051436608,5343.261803130848,26.738883341684115,30.530247177637946,8334.7981294882,0,1,0,1,1,0,0,0,0,1,0,0,0,0,1,0,0,0,0,0,1,0,0,0,0
104.17346959021745,181.79110689147754,55.566479382023346,49.83360853385524,2328.371614452358,132.627736285957,3.175091996737331,3.045943846068879,8.227827378229254,126.41434957978169,5218.137733811913,25.540316857895526,29.027714390114475,10047.973106252117,0,1,1,0,1,0,0,0,0,1,0,0,0,0,1,0,0,0,0,0,1,0,0,0,0
99.44061541276852,148.83262224027575,65.58698872533176,54.77116429781227,1868.583440389127,83.9504302675955,3.154147353438442,3.3158293612175713,10.825980371916861,65.18139000916162,6075.624309352999,32.032952272324216,34.49727079709732,5661.637639703457,0,1,1,0,0,1,0,0,0,1,0,0,0,0,1,0,0,0,0,0,1,0,0,0,0
90.22057094905739,165.10870085524618,71.70998796639765,54.14446983362572,2106.2594414405535,108.52982750650571,3.016289561669054,3.7977137247213077,23.20511797816777,59.70875831998111,5514.566328487093,37.05290764269265,49.56014759002515,7495.444552126805,1,0,1,0,0,1,0,0,0,1,0,0,0,0,1,0,0,0,0,0,1,0,0,0,0
96.05968875219887,177.2412202193273,69.4484099376495,53.72430758551094,2343.0937519791473,98.32118699145468,3.0095133629533994,3.6091758658973028,9.01995631437662,81.66105977366135,4247.983012216451,30.644628684760594,34.289994584692174,7914.979315517706,0,1,1,0,0,1,0,0,0,1,0,0,0,0,1,0,0,0,0,0,1,0,0,0,0
101.40361192062545,148.54204141673588,61.2808189777814,52.632555749240204,1872.641364457875,86.01894344608665,3.28679741315446,2.844712752835727,10.493502451014564,70.01630787101871,5614.993326594806,32.51574982627109,42.89511380641264,6355.818667697248,0,1,1,0,1,0,0,0,0,1,0,0,0,0,1,0,0,0,0,0,1,0,0,0,0
77.27387229880367,196.95927705749924,62.48402528501162,54.40560646192303,2130.1275699038765,105.37117804033879,3.2927328123072406,3.1503325475289192,9.290923888646665,65.56191594805438,5376.733291755169,30.86854922752086,34.17840695655209,6626.656143338036,0,1,1,0,1,0,0,0,0,0,1,0,0,0,1,0,0,0,0,0,1,0,0,0,0
102.51589157671098,158.0625763407283,70.55979623035405,56.65134969557267,1989.7470390960184,108.58421127340114,3.0483033415245724,2.9741953062508197,10.312470188741054,72.50140706976619,5829.270327979764,31.825299702211765,35.44460732502761,7955.965522061942,0,1,1,0,0,1,0,0,0,1,0,0,0,0,1,0,0,0,0,0,1,0,0,0,0
109.20700032214177,170.82551193033726,68.86062804244055,63.57859226158636,1959.0873432985652,82.35650502540284,2.8491795142685308,3.189376130247343,9.584358207318633,60.9134742039473,5562.831961418671,30.599140543437784,36.54733417091473,7157.850566637804,0,1,1,0,0,1,0,0,1,0,0,0,0,0,1,0,0,0,0,0,1,0,0,0,0
96.22165188931685,197.61783341728434,51.80115353810615,63.36896041483759,2061.170544604295,101.91743363185992,2.6834492395932332,2.5704295740082648,8.112122898097084,73.22189670474441,5344.754471026117,28.511814883641396,34.209333870825624,7379.748870924317,0,1,1,0,1,0,0,0,0,1,0,0,0,0,1,0,0,0,0,0,1,0,0,0,0
114.89858710313308,158.19365395923202,63.35492094004806,48.63016386359489,2162.978570751085,99.12377799762496,2.46974589129153,3.209835708730767,10.080920783796977,79.91947944050862,6068.945147196724,26.868869187183677,40.24919199386342,7231.252398908221,0,1,1,0,1,0,0,0,0,0,1,0,0,0,1,0,0,0,0,0,1,0,0,0,0
64.52266461584848,164.85579996397468,58.817289844072114,55.95626463579429,2020.5650821393995,106.69477925963064,3.1652113555958836,3.717173573929434,10.991141826540915,61.75628120432487,6318.840979242986,35.37213027544619,37.267678610706774,7003.166849799597,0,1,1,0,0,1,0,1,0,0,0,0,0,0,1,0,0,0,0,0,1,0,0,0,0
99.53274810269922,189.94050871703007,62.32877735059956,52.505732439236496,2242.8847797505578,117.4798890987232,3.2310104592481865,4.024578535301947,8.413364396343132,94.13698083337533,5033.03287797462,26.329479191832213,35.4036268815019,7731.447045399551,0,1,1,0,1,0,0,0,1,0,0,0,0,0,1,0,0,0,0,0,1,0,0,0,0
109.0493436883707,151.11113048120504,64.26788518847805,56.929542536306194,2421.839056831514,116.61483913564442,3.1105526687251333,3.866987822344486,9.092144150729991,101.88376867373049,4991.38744717866,27.637685370958817,33.38466288035196,9832.800061369624,0,1,1,0,1,0,0,0,0,1,0,0,0,0,1,0,0,0,0,0,1,0,0,0,0
97.0610345819735,165.71766019105462,72.87170926743715,54.28053931637178,3286.8611509561815,215.1286594909261,3.3571959380230414,2.823475466776862,9.697375919250502,163.66052802571963,5008.36337142727,18.104106254966528,25.767048952947885,14961.623279491258,0,1,1,0,1,0,0,0,0,1,0,0,0,0,0,0,1,0,0,0,0,1,0,0,0
130.2209859041839,203.50005046834832,74.23869674132553,50.16373334936233,3351.5465368225427,199.2676493011688,2.7426256155289446,3.1809581204722988,8.967910228809496,155.03642821340753,5117.664396140215,20.579054012900755,21.82215747050735,16827.662390558868,0,1,1,0,1,0,0,0,0,0,1,0,0,0,0,0,1,0,0,0,0,1,0,0,0
73.54383205210604,183.21179157400118,63.41734319294347,52.467591355790944,3190.787934996074,218.3074575632447,3.8485412368422423,2.922136425809513,9.273612067228699,162.11474292626298,4717.717914639828,16.875920121855096,28.534179075298113,12053.153899269877,0,1,1,0,1,0,0,0,0,1,0,0,0,0,0,0,1,0,0,0,0,1,0,0,0
91.3232872180913,183.42977148731583,66.83351448814005,46.93830181390111,2557.5994677999347,186.5820656743609,3.4750485014786205,2.8778477807754825,9.834877722572056,158.39547807314716,5861.1668908864385,17.04814242369298,25.607547174752757,20253.703615896917,0,1,1,0,0,1,0,0,1,0,0,0,0,0,0,0,1,0,0,0,0,1,0,0,0
95.94515259925808,168.6671752447125,72.92037422404086,48.55502944869994,3091.7718957060288,162.01781143944055,2.9180118907129198,3.3438761754473383,7.524666454529338,210.0674590171997,3985.537295082003,15.809447416293446,22.474180985367635,20156.190585672197,0,1,0,1,0,1,0,0,1,0,0,0,0,0,0,0,1,0,0,0,0,1,0,0,0
100.48475216536046,180.61513930421137,72.69987760993426,52.008049448200005,2711.233796179727,182.76355399250048,3.5781845958816274,2.9661712089996137,9.044370749364935,157.7313323206488,5370.134103392432,19.039099132749666,31.02069534219978,22494.792410846007,0,1,1,0,0,1,0,0,1,0,0,0,0,0,0,0,1,0,0,0,0,1,0,0,0
118.8635787256689,180.22797800786407,86.5505394569408,61.187505400662815,2661.613253823169,118.44649568988753,3.0038279537677113,3.406386206579282,8.754131074646676,72.22513554501177,5199.519982506284,22.056103147237852,23.214311745102428,11446.6777328092,0,1,1,0,1,0,0,0,0,1,0,0,0,1,0,0,0,0,0,0,1,0,0,0,0
111.85836331006884,231.60397342402052,62.96780529266943,63.8282224723733,3030.0819108313835,143.03310929510542,2.675401850566929,3.2086224728250166,16.719703609309484,110.26778893831637,3751.317834824872,30.161626005974252,28.27233926620045,13490.525484203668,1,0,0,1,1,0,0,0,0,1,0,0,0,1,0,0,0,0,0,0,1,0,0,0,0
103.89722001131034,181.42800536264394,58.64724973030262,57.720609768022335,3097.399819713059,129.6694509957867,3.2000642272938125,3.657628956996652,8.879689813951092,90.11578455995452,4824.9252788750055,20.747547989899598,22.453283615679734,12600.904839959545,0,1,1,0,1,0,0,0,0,0,1,0,0,1,0,0,0,0,0,0,1,0,0,0,0
114.47959643825122,222.33742823424885,60.09370791876482,70.28987338588712,3313.0238428372495,138.72315481906926,3.8669779247125127,4.41783637295049,20.35414571248673,75.86212827496269,4136.910075648409,26.992894324950818,22.9296780097608,14663.966074475826,1,0,0,1,1,0,0,0,0,0,1,0,0,1,0,0,0,0,0,0,1,0,0,0,0
108.28149329319785,175.76378806476404,79.76855961398365,64.96752054852502,3258.878885633328,101.62419196540507,3.4007518367171836,2.4202274542002087,7.345861310828255,103.90787591868542,5939.139966764551,18.829020503031536,23.20915646555986,13836.449315045938,0,1,1,0,1,0,0,0,0,1,0,0,0,1,0,0,0,0,0,0,1,0,0,0,0
106.39632952162486,185.46683843984812,76.41083398897824,52.29235884279752,3331.8383441488677,168.75159890280804,3.892369473547333,4.08352284650691,23.878591021771882,87.32716331504183,4636.809643435256,29.840791144336627,33.91239016501284,17492.730846565566,1,0,0,1,1,0,0,0,0,1,0,0,0,1,0,0,0,0,0,0,1,0,0,0,0
125.15910193286604,214.28055348293648,67.23684114020047,62.31618722634173,3759.341818686235,113.06350862009775,3.3980960216934113,2.1899097147397026,8.603278009011845,69.10658559211427,4931.062700678896,21.30573138913895,27.401624513477373,18930.484945009364,0,1,1,0,1,0,0,0,0,0,1,0,0,1,0,0,0,0,0,0,1,0,0,0,0
117.74799125961842,224.47705969866865,68.79128847952963,64.51218556351121,3735.291006006184,135.99473964579278,3.904732291979103,3.778945862668353,15.985065049221127,101.09157908758903,4228.411883857551,26.81070392126564,25.243766942151037,17729.093676236538,1,0,0,1,1,0,0,0,0,0,1,0,0,1,0,0,0,0,0,0,1,0,0,0,0
98.59161203507041,186.21469913143198,66.914823940337,46.86306534382083,3148.0622790090415,129.56113861059663,3.7503394619603467,3.5724153713516493,8.105051618114665,105.86540585730066,5203.444558982967,15.928863160633258,22.14087361806695,13736.3524956151,0,1,1,0,1,0,0,0,0,1,0,0,0,1,0,0,0,0,0,0,1,0,0,0,0
105.84498669717134,229.24747817439948,74.76200910156675,51.16446269465234,2986.20285063598,169.46462909214094,3.1706965381240013,3.5551714946636204,17.772427049205646,90.45275359129025,4370.0360643835065,26.14006718853155,30.80963545855509,18573.75211272415,1,0,0,1,1,0,0,0,0,1,0,0,0,1,0,0,0,0,0,0,1,0,0,0,0
116.42904637095181,170.41974575247758,65.06262090849103,60.973765330783515,3270.153438882851,125.25148197568186,3.463362069990278,2.7114660567662945,7.211549337852701,142.1337886346959,5248.515802521546,17.617725552162888,21.63302280654575,18092.92901130238,0,1,0,1,1,0,0,0,0,1,0,0,0,1,0,0,0,0,0,0,1,0,0,0,0
75.97081391270225,163.17519080709505,59.13030551927796,51.6300134581566,2014.9814765638134,89.82500201485351,2.7481066214605723,2.9251614932367658,9.587348045449138,74.18378636835372,5683.621293056364,37.00718964530634,34.02268231905368,6659.205559063641,0,1,1,0,0,1,0,0,1,0,0,0,0,0,1,0,0,0,0,0,1,0,0,0,0
96.28697710734903,134.67182088747438,57.24710401578981,56.22366472062724,2405.1852180830874,94.75949292819826,3.178011535476188,3.6678276725566135,7.508044302841351,113.70135257932995,5119.557675582092,21.11871125598563,30.38759960559542,7412.612779055681,0,1,0,1,0,1,0,0,1,0,0,0,0,0,1,0,0,0,0,0,1,0,0,0,0
88.04130882479237,154.05570148732983,65.29952549850846,48.65710506910812,1772.3487125085044,86.11988457405313,3.215664618223878,3.8309941660180176,8.172481931286285,76.98958472682287,5110.698165277295,33.813690667853265,40.693338054342384,6025.289568319426,0,1,1,0,1,0,0,0,1,0,0,0,0,0,1,0,0,0,0,0,1,0,0,0,0
82.36206239361107,163.13084497572223,64.10863239982709,53.156623411738714,2073.6014425906596,96.23202560596565,2.7219743998253443,2.6681867508073585,10.629775157004307,67.61372287204716,5330.117842475969,32.03176356342171,41.565352798716205,6621.223408693189,0,1,1,0,1,0,0,0,0,1,0,0,0,0,1,0,0,0,0,0,1,0,0,0,0
94.45193076350421,146.29065527924413,69.59236259037286,46.56943504852743,2460.3577782574403,103.71088148626579,2.930505779388183,3.68732412866095,10.48366851177906,73.28331838125514,5014.766969092432,26.54524140339667,33.60464330843426,7992.322774189852,0,1,1,0,1,0,0,0,0,1,0,0,0,0,1,0,0,0,0,0,1,0,0,0,0
103.64862224249252,185.08454277391087,56.258597716555144,70.15255648678114,2758.0324941756403,115.67090944451105,3.0407956528885247,3.382749708744838,9.226036309083074,84.49536472766344,4666.276770218529,25.459002538196128,32.434711213141476,8809.722076258999,0,1,1,0,1,0,0,0,0,0,1,0,0,0,1,0,0,0,0,0,1,0,0,0,0
88.35642321548139,166.52978001933286,75.06450250096955,52.78337356679945,3185.2099552357763,150.64567405157192,3.3157712613248833,3.3099497529447417,7.318683483869654,170.2452156071105,4783.223268095828,20.556111032975757,24.45477270205888,12494.317524672919,0,1,0,1,0,1,0,0,1,0,0,0,0,0,1,0,0,0,0,0,1,0,0,0,0
98.63947631102427,174.51124733428537,67.71729275026163,52.32049794169565,2975.662558130288,182.88496925324068,3.6953699542069405,3.3016922889245928,10.27601085438335,144.67986285325236,5040.244966497989,16.608534470393348,24.177105398824484,27619.80200418946,0,1,1,0,0,1,0,0,1,0,0,0,0,0,1,0,0,0,0,0,1,0,0,0,0
90.45125835441735,192.34128366033633,72.43751887657432,48.162588191576084,2679.4259015329744,193.90892480500898,2.990737873805309,3.0623654421244915,8.508601196548549,204.1058656456623,6026.4128972796225,19.21470611798423,20.068724953702546,35710.647770484116,0,1,1,0,0,1,0,1,0,0,0,0,0,0,0,1,0,0,0,0,0,1,0,0,0
82.66825445963906,160.11840173030114,61.29229222756487,43.07247254437014,2895.7651069962703,231.50189672104085,3.089559646733386,2.8577910268213365,8.823999746362883,190.38694643422954,6025.126302857859,15.488182695758093,27.294660220372567,33555.47005230863,0,1,1,0,0,1,0,1,0,0,0,0,0,0,0,1,0,0,0,0,0,1,0,0,0
86.13711685846049,162.7699481654113,65.72987241059212,57.58565171106993,3480.3086896426994,195.34859870298794,3.7966529139449663,2.4686515164249845,11.067501457576672,204.13885931321212,6096.618851444242,16.756861356739012,22.381908288012003,37967.14386262432,0,1,1,0,0,1,1,0,0,0,0,0,0,0,0,1,0,0,0,0,0,1,0,0,0
102.99860043705114,189.45009115194972,66.33311510441696,53.46257821369077,3270.5347153315547,253.1924845358502,4.272172982318912,3.3947876061201976,9.845501327426083,241.3848408026205,5513.236769141042,16.84120239694991,26.852429420916703,28318.371250810625,0,1,1,0,0,1,0,0,1,0,0,0,1,0,0,0,0,0,1,0,0,0,0,0,0
93.87296091560141,174.7262578975258,66.48166758988788,64.34317110939665,2570.9694885957365,158.47741062693893,3.4495353325673834,3.363360684955667,9.607777273569665,89.90594611092676,4890.24252716784,24.742015586629446,28.702289080145697,9950.89917688566,0,1,1,0,1,0,0,0,0,0,1,0,0,0,1,0,0,0,0,0,1,0,0,0,0
100.68199085305869,180.54986834811882,72.09065299071715,49.80812096758796,2558.4032744959354,124.5106566411442,3.5037445947718293,3.5918660072769786,8.704164174702065,90.56699544165149,6090.921696508773,25.559130638159253,28.09426974030548,10736.087447653106,0,1,1,0,0,1,0,0,1,0,0,0,0,0,1,0,0,0,0,0,1,0,0,0,0
83.24510940325823,184.79944297327765,67.995096317453,42.98263099318098,3439.0669427958605,109.75547312047343,4.072721505127521,3.3188244019304176,7.091871425826253,103.65468142229936,4742.992039421843,22.101232649970495,23.87821320173151,11405.380109167987,0,1,1,0,0,1,0,0,1,0,0,0,0,0,1,0,0,0,0,0,1,0,0,0,0
98.34191536088382,214.55680438263238,67.19064868108909,48.58563731697755,2571.3647382104186,120.5817316761027,3.4479660482173253,3.146387592022784,11.704461780904516,101.58628619042486,4572.339050316452,24.671385404761843,26.432552292877418,13090.697027863835,0,1,1,0,1,0,0,0,0,1,0,0,0,0,1,0,0,0,0,0,1,0,0,0,0
84.15408029718576,232.5892747720022,75.84628207844655,63.384066516919994,3004.935030843816,92.66971500877449,2.496079493730568,1.759774738841743,8.8552677457764,109.77130223030946,4877.277071547715,18.4900485648144,22.055371837492217,17478.109258518678,0,1,1,0,0,1,0,0,1,0,0,0,0,0,1,0,0,0,0,0,1,0,0,0,0
98.9925195858561,232.57303441198746,69.14203850313957,56.178240579316565,2400.623184994172,92.51434077673626,3.6834543860454225,2.7342149546626917,9.558460567244298,107.48015328627265,5618.388983707415,21.530836246370335,24.73119853368792,14641.175411740212,0,1,1,0,1,0,0,0,0,1,0,0,0,0,1,0,0,0,0,0,1,0,0,0,0
104.4459639032953,180.6306215218243,73.41603308998421,56.46112391406628,2474.8057879590638,140.52131609980685,2.8812725241242028,3.36042592630551,8.72554098122013,143.72090555907047,6667.017703459667,19.268728563950233,24.560956748217237,18250.86484232583,0,1,0,1,0,1,0,0,1,0,0,1,0,0,0,0,0,0,0,0,1,0,0,0,0
94.67611101384185,210.6395429425139,57.45208855519233,54.311450649219616,2956.8027502403397,139.38409603831036,3.457536144694359,3.1392131374457275,8.240178365413115,154.4170633765177,5931.777219558289,18.211636987374096,28.48593688045473,19995.914554919415,0,1,0,1,1,0,0,0,0,1,0,1,0,0,0,0,0,0,0,0,1,0,0,0,0
87.49078478320027,164.92400554831946,56.23985706965637,58.63042316285197,2037.3075071907879,89.97167075724502,3.591584099955923,2.606320498216077,9.52111358955158,66.9435104320614,4790.4458522589075,34.943424649271904,37.53645015534273,3859.0062709533086,0,1,1,0,0,1,0,0,1,0,0,0,0,0,0,1,0,0,0,0,1,0,0,0,0
89.14278837556051,165.6458713215299,66.63353921547134,45.553382920656695,2323.0456068692324,101.65353840057536,3.6533122942898624,2.2547059021683764,9.759778522344925,65.51041029122959,5066.304350145295,25.585789645656856,31.776657293129475,6654.613821364371,0,1,1,0,0,1,0,0,1,0,0,0,0,0,0,1,0,0,0,0,1,0,0,0,0
98.82968852438282,159.78804832201666,69.82582958682065,58.27032558563532,2062.766521820016,122.22987214314459,3.9186396471711618,2.8270511113783434,9.459270386689855,66.37296412499654,4564.474210161394,28.261520932847073,23.951041041566143,8682.522978626357,0,1,1,0,0,1,0,0,1,0,0,0,0,0,0,1,0,0,0,0,1,0,0,0,0
113.19334757733726,187.6032316135226,58.0272364595193,56.89434808802483,2317.7529649273465,106.46203274480008,3.128625202472439,2.6360878046092515,11.09781232878835,74.40852864987379,4362.507583725134,34.70835357647805,30.84378462261765,5985.404563940747,0,1,1,0,1,0,0,0,0,1,0,0,0,0,0,1,0,0,0,0,1,0,0,0,0
98.60483371011698,181.61549717776174,65.80133351223692,54.297050306302076,2338.147543330145,115.66596896629822,3.649928865858899,1.9147476810011441,8.996328465835372,89.66485227730999,3930.878089738375,25.05543820358453,30.739425521273404,7658.238006133633,0,1,1,0,1,0,0,0,0,1,0,0,0,0,0,1,0,0,0,0,1,0,0,0,0
93.66268575461777,190.9027126407662,73.6790599589932,51.92566758612001,2463.233660943505,93.54846645852906,3.3493682873724007,2.8613582901911756,8.336196537705094,104.7641861194811,6931.605894543517,27.0377225282243,32.24383934169622,10144.663273439171,0,1,1,0,1,0,0,0,0,1,0,0,0,0,0,1,0,0,0,0,1,0,0,0,0
93.57618412391626,156.326380954279,60.84374723612448,50.521165705860334,2120.718061180682,95.06875843543966,3.6960670402127684,2.1143844118597768,10.130898815740153,86.29966835186919,4402.16862307464,25.320524818738427,22.46887298040672,9968.509589772102,0,1,1,0,1,0,0,0,0,1,0,0,0,0,0,1,0,0,0,0,1,0,0,0,0
103.25597041510044,142.77701713939354,63.45870952894557,59.1690992940046,2510.454609851019,114.68188248736217,3.6836971917025636,2.783331770800666,6.58206058092849,119.16783252214717,4184.815887197478,22.51650079593133,30.677064061975052,9446.25515100849,0,1,0,1,1,0,0,0,0,1,0,0,0,0,0,1,0,0,0,0,1,0,0,0,0
98.33858705036856,178.65115734075326,64.13070919201398,54.92452815285634,2156.014794977248,84.74403640826841,3.6218989025326183,2.5147625437717496,9.334170564515833,90.10119200404165,5242.764884475369,24.132448492888532,29.319571764388037,7930.979282115262,0,1,1,0,1,0,0,0,0,0,1,0,0,0,0,1,0,0,0,0,1,0,0,0,0
86.6809966948548,165.80737369054518,68.29475031274698,45.96706675752548,1968.2763905363702,108.09522182164632,3.453586147191291,2.32655930860415,7.649619418370461,94.53429759169842,5387.744154481814,20.779981577686883,26.187298886033737,11030.405651544273,0,1,1,0,1,0,0,0,0,0,1,0,0,0,0,1,0,0,0,0,1,0,0,0,0
102.72115351242692,158.1132015326807,67.3085307278001,55.37779036733857,2501.4533022298174,83.10928803385332,4.149706535025375,2.6424447148708845,9.478382031561857,93.90369773637359,4305.817814442789,27.003604423719665,27.936921746882273,9119.28926286604,0,1,1,0,1,0,0,0,0,0,1,0,0,0,0,1,0,0,0,0,1,0,0,0,0
97.33524420590591,194.71558167881815,55.51244334067942,56.10402446956979,2715.0484152384024,120.19882530830336,3.451225793335794,2.993297796148843,6.08852232732987,100.51936684662844,4227.284233034213,22.339928357301208,26.68683989419685,9774.716169827994,0,1,0,1,1,0,0,0,0,0,1,0,0,0,0,1,0,0,0,0,1,0,0,0,0
105.38259645319033,168.22476754547185,62.703524832216246,63.12986857386754,1978.871776410838,88.87430994232128,2.524867802191714,3.026827897383588,7.855727190751139,53.0750594193751,5230.029429280242,39.254269259150355,36.34328828629711,5251.110993007949,0,1,1,0,0,1,0,0,1,0,0,0,0,0,1,0,0,0,0,0,1,0,0,0,0
91.84289413098514,149.23970109461771,59.952049692504666,48.50857446753936,2265.18462841686,88.73010391230797,2.333146975567098,3.0185784090500354,8.351630386252138,62.85288877673759,3947.5117889173093,32.5768948870042,37.95910447209342,6699.476525739694,0,1,1,0,0,1,0,0,1,0,0,0,0,0,1,0,0,0,0,0,1,0,0,0,0
99.34122586999729,174.68134256206628,63.39714523598638,62.33672598802369,2037.2671087837814,94.42556986842781,2.342161453194419,2.4845106921096844,9.204173954227507,55.89005080096895,4507.268994973915,29.38733499230883,32.77495330340557,7056.1432365407045,0,1,1,0,1,0,0,0,1,0,0,0,0,0,1,0,0,0,0,0,1,0,0,0,0
75.94301472382492,162.977367970443,61.61951650701143,46.23578156742995,2216.6054337733412,96.68740772551429,3.0982090370809874,3.015227249098314,9.430693687052084,58.62450073957226,5784.424831734653,31.548954026716668,31.3498650746099,6951.409804324414,0,1,1,0,1,0,0,0,0,0,1,0,0,0,1,0,0,0,0,0,1,0,0,0,0
92.67974781934205,130.51018891804281,70.0829677646928,58.276981131845346,2187.549265814774,80.16517561206985,3.035472209882947,3.360771928320171,9.16210832105682,61.6515588749228,4915.867562405232,27.70438872670332,30.330058948718534,8944.333298435762,0,1,1,0,1,0,0,0,0,0,1,0,0,0,1,0,0,0,0,0,1,0,0,0,0
95.09207528327079,170.25406828464804,76.84517193500555,63.22725729554381,3346.2989729388655,90.21800567450676,2.986038762096725,3.2894445906579093,8.902971142750738,72.53093268666461,4756.828400334805,27.43288150036944,33.34981179631423,8224.523228465772,0,1,1,0,1,0,0,0,0,0,1,0,0,0,1,0,0,0,0,0,1,0,0,0,0
86.72456526312956,146.36687777240505,67.18805331013758,49.88010374674458,1953.154245662773,94.52337303285728,3.002164038971486,2.6259104175243335,9.569605951796518,70.19270370487344,4251.702854409851,29.898205763822826,46.493247204222385,5918.909338188043,0,1,1,0,1,0,0,0,0,1,0,0,0,0,1,0,0,0,0,0,1,0,0,0,0
98.62467373324708,161.60389913125516,59.60053093274215,55.7369387852542,1690.3654466327937,101.20917194438091,2.969086616553025,2.6442186462102426,9.738968262436819,55.57102521511252,4777.551023545458,32.59873279675515,42.687134913489565,6232.246661792041,0,1,1,0,1,0,0,0,1,0,0,0,0,0,1,0,0,0,0,0,1,0,0,0,0
92.21322846459901,160.97613777537197,70.1326413724032,51.67311106226748,2298.024021116496,103.57615951415474,3.58841107751679,3.0833317660863147,27.892085180220917,51.742515511763536,3893.8232838614026,33.566954162302586,27.693557962337145,7923.358376796581,1,0,1,0,1,0,0,0,0,1,0,0,0,0,1,0,0,0,0,0,1,0,0,0,0
108.23614717587476,163.72339886788743,53.024576446556836,62.79295730284613,2079.8208173814583,112.66160867475723,3.1300552477009878,3.3348088119206465,25.963601848023956,46.19504821589587,4808.188835758568,39.56678997310671,46.687097747427266,8409.64459775317,1,0,1,0,1,0,0,0,1,0,0,0,0,0,1,0,0,0,0,0,1,0,0,0,0
86.70653365335663,194.28653396766651,68.22823143050456,58.991900375185985,1949.7018318586136,86.17591160977582,3.5055865734678457,2.4686176243123845,9.245026392566292,78.35590880420601,3975.5994862581656,42.728631455635885,49.37571894701206,7088.425772203888,0,1,1,0,1,0,0,0,0,1,0,0,0,0,1,0,0,0,0,0,1,0,0,0,0
100.99492380825328,173.0157014925622,58.12123665981173,42.23276665995945,2587.1798190197915,102.55495060025986,2.9571673647955437,3.7732455516608017,10.639487493168888,58.737507027729016,4008.501657572938,25.517466512118403,33.192917185729605,9589.627821903901,0,1,1,0,1,0,0,0,1,0,0,0,0,0,1,0,0,0,0,0,1,0,0,0,0
112.95696445774334,96.04667764898417,60.365195660780735,53.00862866297546,1807.9587675281352,84.00345715700348,2.909735448044256,2.951989063199682,8.23951408782641,66.69129465667548,5154.831708860963,28.177718245388686,37.23522665246284,8929.301068437446,0,1,1,0,1,0,0,0,0,1,0,0,0,0,1,0,0,0,0,0,1,0,0,0,0
91.03493191451096,168.8294856387725,65.55458972714868,50.09525327823451,1914.035162439334,98.53810867909978,3.131702731484083,3.245802108880383,9.427871803048392,75.79349758542153,4721.885656012119,31.194893063300057,32.20656883586956,8385.790252442823,0,1,1,0,0,1,0,0,0,1,0,0,0,0,1,0,0,0,0,0,1,0,0,0,0
97.84888049803551,141.7965558713378,63.496741034771304,42.646397924061255,2381.6944540017585,90.077906539873,3.3811547594916895,3.0357306627385126,9.467096340835653,64.14709045886013,4590.295279314929,28.060628089875397,36.535358761284165,8608.71416881591,0,1,1,0,0,1,0,0,1,0,0,0,0,0,1,0,0,0,0,0,1,0,0,0,0
88.74787150332897,163.65377228753044,58.79546640251745,54.10338047658317,2071.5167334127214,102.02175854976159,3.5494690230692862,2.7340581729709115,8.807216570091247,118.92306152677239,6930.620674940527,28.71037705666397,28.815342678573803,8910.531594696335,0,1,1,0,0,1,0,0,0,1,0,1,0,0,0,0,0,0,0,0,1,0,0,0,0
91.66533289274332,171.3544489751945,61.61017787211413,51.425523221143855,2199.6927316277734,104.55266301941067,3.7939608406385505,3.3224787360317998,8.653818226169555,113.05326683371496,6029.695429370207,24.827464497076363,28.97484726014255,8645.486566883887,0,1,1,0,0,1,0,0,1,0,0,1,0,0,0,0,0,0,0,0,1,0,0,0,0
112.09873360004809,157.61929016688052,74.58668577942944,47.81813166117349,2488.267279170219,124.01540165954738,3.5542070419272815,3.5929242415942837,8.483961424373636,118.90598875630047,5359.582758033921,26.372878957881806,32.51921931892513,8593.600585003087,0,1,1,0,0,1,0,1,0,0,0,0,0,0,1,0,0,0,0,0,1,0,0,0,0
87.51050502050538,181.967974756103,60.31693422801984,52.50075866455387,2772.89614445026,125.76279492098315,3.9949489731735075,3.412984968489389,10.429784377201688,119.29359084069914,5032.817654027369,24.071516657401176,30.40987652872176,9374.190504495673,0,1,1,0,0,1,0,1,0,0,0,0,0,0,1,0,0,0,0,0,1,0,0,0,0
97.88783700297942,174.26439075715086,81.04552058101056,53.73078921251037,2277.869695241882,145.06278772458893,3.6334605559068427,3.640962441362005,8.459053120090704,112.67172317390516,3629.6217651235065,26.15682504814128,30.39769751141242,10659.078052269238,0,1,1,0,0,1,0,0,1,0,0,0,0,0,1,0,0,0,0,0,1,0,0,0,0
107.40548834857255,190.3078254199565,55.09353235271753,64.03801165642841,2107.6727973021752,149.8390271976279,3.3242515463018796,3.4068818885842185,8.987035398358143,131.82682109195935,4993.0456703722275,24.949576393164644,26.61127542446372,11273.038047963113,0,1,1,0,0,1,0,1,0,0,0,0,0,0,1,0,0,0,0,0,1,0,0,0,0
102.00155747424581,178.94860466896304,62.91840802613342,43.56372027437367,2337.4778857995007,137.5332282225969,3.406661037460581,4.252248260398828,9.645709695424724,106.1131972465874,4727.449284630684,23.557214043126077,34.752848800544,13827.417999132755,0,1,1,0,0,1,0,0,1,0,0,0,0,0,1,0,0,0,0,0,1,0,0,0,0
103.86175213631144,181.38830048652835,80.15935851566918,54.515054276113794,2916.0857497226198,164.71383274349938,3.744003556959528,3.1559582570499716,8.798010125318928,124.94163086131675,3902.440498234405,19.754066120155596,26.636616736480505,17464.188487741507,0,1,1,0,0,1,1,0,0,0,0,0,0,0,1,0,0,0,0,0,1,0,0,0,0
100.84786325086148,162.4825754011222,69.1914580003132,58.11561726685211,2574.3232777558833,111.18417946571664,3.1746131456164868,3.801742374187298,9.068834316698377,97.03964026374709,4418.844169421955,22.981384247447778,39.015935894981126,9711.877892782586,0,1,1,0,1,0,0,0,0,1,0,0,0,0,1,0,0,0,0,0,1,0,0,0,0
113.4783328897627,191.7488329531528,68.45630925194293,58.189703176085665,2578.48861109617,98.22798325806393,3.14598799759827,2.909757270027353,22.961125493371515,68.46803711328397,4805.748936698132,27.00699730814381,36.810128233188124,10068.292104692067,1,0,0,1,1,0,0,0,0,1,0,0,0,0,1,0,0,0,0,0,1,0,0,0,0
119.53239936497724,190.60227664765716,78.61462851118891,54.67598070385408,2230.6590315126987,98.54062928614577,3.1539507839410468,4.19827480243175,9.289993134736017,80.16819962063273,4267.51940345419,25.517901070862184,32.77094868075285,9056.7209580493,0,1,1,0,1,0,0,0,1,0,0,0,0,0,1,0,0,0,0,0,1,0,0,0,0
107.24622080286889,187.92197417640213,67.92431062513677,52.62908306279239,2431.2331715431205,99.75631351093088,3.963296325081367,3.4417503464545645,8.98478204178759,97.08668198825505,4209.69408832034,28.23792312145107,36.231467973804996,11174.641457927673,0,1,1,0,1,0,0,0,0,1,0,0,0,0,1,0,0,0,0,0,1,0,0,0,0
99.76869651464106,173.95351899647076,65.4662443362601,46.118084456466626,3021.2911996466996,113.1579074103584,3.536204658355469,3.443253567729966,9.245705766144274,84.29462851719143,4360.765204544023,27.58786067962693,39.239207796199,10097.387425887347,0,1,1,0,1,0,0,0,1,0,0,0,0,0,1,0,0,0,0,0,1,0,0,0,0
100.13834014338207,199.17784241818464,71.68143745398984,50.80278087103579,2596.980448142863,186.74549131709108,3.3157843234529105,3.537262418100585,9.231412350787808,129.91940236333113,4561.40252449374,20.7344197836227,28.271633802580855,14518.605168572027,0,1,1,0,0,1,0,0,1,0,0,1,0,0,0,0,0,0,0,0,0,1,0,0,0
89.90999157333911,179.74101743578248,72.95333764386693,50.88630341144858,3422.10761673796,168.84451730823724,2.8130060880050984,3.351399484055265,9.48603371437791,164.2383057921011,5642.346385177053,16.524375125473135,24.85726907088173,16986.84290175684,0,1,1,0,0,1,0,0,1,0,0,1,0,0,0,0,0,0,0,0,0,1,0,0,0
102.50204487344526,171.05666709775033,49.14221003338717,45.79284071149141,3028.6696966597956,178.43908198466073,3.4572452372233697,3.4965059826360383,8.546105964316789,148.92918924679114,4867.347187173934,21.903336001191324,24.62184145816361,14989.105891312394,0,1,1,0,1,0,0,0,0,1,0,1,0,0,0,0,0,0,0,0,0,1,0,0,0
96.08087178349675,204.73524389347912,64.73931195346593,51.66594681602609,3404.3161999945874,170.29284871217502,4.0012816705104415,3.4773353754575527,8.361368104918542,158.3711255544835,5291.271064472456,21.14672968106556,25.69515087440573,16746.15341543588,0,1,1,0,1,0,0,0,0,0,1,1,0,0,0,0,0,0,0,0,0,1,0,0,0
101.04820609732376,212.63399457625098,66.71236174815459,55.514531264397114,2340.93759989233,91.07300024241569,2.5723004209709113,3.527009052818997,23.816163946903284,53.26835234010117,5438.570705904082,42.20173542737846,57.026185281381515,7539.0750110725,1,0,1,0,0,1,0,0,0,1,0,0,0,0,1,0,0,0,0,0,1,0,0,0,0
97.08778695945881,158.1240929267928,71.16060499043202,55.789807113536945,2181.534929446551,117.9963578537481,3.2684872388555624,3.8443132989567914,9.51872115808262,74.68674985472607,4402.243886839,28.343911319944958,37.27807024535412,8963.176066205502,0,1,1,0,0,1,0,0,0,1,0,0,0,0,1,0,0,0,0,0,1,0,0,0,0
104.24520800653661,170.69929762090527,60.750328249382655,61.15668531704133,2597.9071954822366,100.08862608252429,2.8387119880879537,3.5140480040832753,16.798100430413328,45.85902242429992,5234.028208128317,35.470053955960665,47.86886170047398,8407.606551400117,1,0,1,0,1,0,0,0,0,1,0,0,0,0,1,0,0,0,0,0,1,0,0,0,0
88.74948523781359,184.19412063988486,75.8677522219602,60.704807372412226,2395.530648649804,107.40822624459979,3.3037285763327553,3.517572727158059,9.01173580241559,78.93983214641828,6142.009307372666,26.68558052673112,32.96638564132356,9458.835413805182,0,1,1,0,1,0,0,0,0,1,0,0,0,0,1,0,0,0,0,0,1,0,0,0,0
93.79890894836488,176.30857110161708,70.67061432128152,62.81030188723174,2965.9673545273345,133.69482215019673,3.510211914386784,3.21037905112637,9.674924894519101,83.58498374770427,4823.290476767068,25.173980634937145,34.50109521420974,8081.659967227685,0,1,1,0,1,0,0,0,0,1,0,0,0,0,1,0,0,0,0,0,1,0,0,0,0
107.3871232843585,173.78896855230892,61.58128797238381,44.567424797054876,2383.5674861856287,103.33280046604902,3.5089585807924695,3.8224180674356436,21.036892986546793,62.891470534649464,4022.75781853278,36.02147461810035,29.74099628774416,8601.689571617873,1,0,0,1,1,0,0,0,0,1,0,0,0,0,1,0,0,0,0,0,1,0,0,0,0
87.37985402330457,203.3479710732076,60.490246105178294,60.356337793532504,2582.3707153572973,102.15862996289799,3.084118996448351,3.923550359005255,9.927941189670895,99.43253651399054,5322.624328672796,24.86205195517206,33.7277774981575,10597.909231838636,0,1,1,0,1,0,0,0,0,1,0,0,0,0,1,0,0,0,0,0,1,0,0,0,0
98.1110501430635,158.90068022993904,64.7934018481821,51.22663581854408,1911.0555913083367,102.77619869740901,3.224089617229588,3.6728928480899525,8.074657265809108,86.95954962155174,5291.202438744786,29.14234472172087,28.80094626974912,13637.538349884575,0,1,1,0,0,1,1,0,0,0,0,0,0,0,1,0,0,0,0,0,1,0,0,0,0
91.0903553111133,181.82677660816472,55.922112281648,46.35547774435393,2290.89852183766,130.10369471407293,2.910942550857938,3.902824773319092,8.469214613450545,90.37696469369098,5372.050980262597,20.88442024116364,28.8083761635688,10935.215889766834,0,1,1,0,0,1,0,0,1,0,0,0,0,0,1,0,0,0,0,0,1,0,0,0,0
96.89844560081704,163.06516707582364,62.413918541742696,50.521390456471245,2619.4122427311563,138.6378652958195,3.156406245362824,2.850493143526853,8.380226860024338,126.46280510177651,4759.506097293498,19.521166317148378,23.155101857065983,16821.888715119512,0,1,1,0,1,0,0,0,0,1,0,0,0,0,1,0,0,0,0,1,0,0,0,0,0
91.60594421575409,179.5203041092042,64.62225535069783,57.0452717795254,2413.6119751752235,109.9186521587969,3.1243375016298196,3.526470206408502,24.402837132482855,64.85627118776338,4202.896382666548,32.74735121368904,40.925696882972304,13819.746614662368,1,0,0,1,1,0,0,0,0,1,0,0,0,0,1,0,0,0,0,0,1,0,0,0,0
123.15042326238236,207.27996318733287,66.51939957885672,54.140438966530276,2693.1321946809776,98.16858377079593,3.46746427635484,3.019902924354483,9.25054373632166,85.11663935433018,4828.53283651313,26.447720467244366,33.93312201220492,10125.99877126995,0,1,1,0,1,0,0,0,0,0,1,0,0,0,1,0,0,0,0,0,1,0,0,0,0
102.2485541396568,168.28874476902212,62.236593990355026,54.409813401069144,2852.6727634771373,148.25418764909665,4.234924250214907,3.0575625699573434,9.70532702510987,118.21970495075837,5562.815221589605,22.555713977087894,26.390482527368697,13130.34902563041,0,1,1,0,1,0,0,0,0,1,0,0,0,0,1,0,0,0,0,0,1,0,0,0,0
108.57455369564144,200.6015178370957,71.26059359604116,58.20646243613028,2668.538418561761,120.41641811165792,3.1609374589383217,2.9535042633733752,8.742555145354475,133.99069398572374,4425.304185884978,22.74886910749244,27.725199823933075,14409.368373152423,0,1,1,0,1,0,0,0,0,0,1,0,0,0,1,0,0,0,0,0,1,0,0,0,0
98.1151384708031,189.16608835722704,70.25839241516978,54.12318857753914,3215.1940600865496,143.1718435641996,3.331973392968195,3.376331307246088,9.297861509244253,110.88971869980331,5890.835643703007,23.966915201506463,28.329021942144195,15527.88656081697,0,1,1,0,1,0,0,0,0,1,0,0,0,0,1,0,0,0,0,0,1,0,0,0,0
94.86135518388971,158.4883463674574,66.77193067484507,56.300101034391446,3172.568153017184,136.4799207469662,3.0177424366416483,2.658446888127127,9.29991980200331,130.78528690783324,5862.685645201409,26.95738864200537,22.27279048079656,14134.004444815,0,1,1,0,1,0,0,0,0,0,1,0,0,0,1,0,0,0,0,0,1,0,0,0,0
120.53373568989407,200.513503584224,62.40964622958202,56.19832466128017,2933.164383958331,135.27486368783713,3.5194265496865342,3.5640807165759174,6.591265557575618,167.15430783640875,5008.834415571394,17.80657935196391,21.76358239703704,21137.398602191937,0,1,0,1,1,0,0,0,0,1,0,0,0,0,1,0,0,0,0,0,1,0,0,0,0
108.00653481725828,170.41582548511667,67.0645927138548,60.131473161379155,2648.8949474145074,136.56693131769796,3.3949255076233986,3.0857531163926826,9.031079070856123,185.81319844012472,4629.268719811893,19.447684348735006,27.170274767954687,21804.58063426949,0,1,0,1,1,0,0,0,0,0,1,0,0,0,1,0,0,0,0,0,1,0,0,0,0
95.93233672134329,198.02014726600098,66.79636260468347,56.45515129263761,2765.0975638423415,149.69028524730277,4.010848329290415,3.0014041168702486,8.458005902812143,114.06726486670073,4809.854680737726,21.304481763774852,29.075803014823336,18175.45385615183,0,1,1,0,1,0,0,0,0,1,0,0,0,0,1,0,0,0,0,0,1,0,0,0,0
97.11156781986585,168.02423726809207,59.949630916741775,49.498257003576214,2932.671630875481,152.23562533052046,4.212168439178581,3.8935389602860764,9.246425644972723,161.5457671659285,5638.604775640933,16.55592870379036,21.490809062600977,22589.084377231222,0,1,0,1,1,0,0,0,0,1,0,0,0,0,1,0,0,0,0,0,1,0,0,0,0
109.17494253975005,225.43674232425838,79.09625993323323,51.014503785321665,3273.337290139539,160.43958619208317,3.161249036157616,3.0643365649626593,9.991497206457888,134.88553072893268,5054.532320035865,19.675798216732268,20.441473779456274,20122.32895711219,0,1,1,0,1,0,0,0,0,1,0,0,0,0,0,0,1,0,0,0,0,1,0,0,0
103.70600583070305,194.47398253660322,65.95406171363466,60.23579238956674,3341.1555824305356,133.45524260875348,3.456405295418969,2.753509016045858,23.041223677892404,111.39952979245172,5459.03341001524,29.435640638861884,21.809162891844526,17837.29598868006,1,0,0,1,1,0,0,0,0,1,0,0,0,0,1,0,0,0,0,0,0,1,0,0,0
112.23116149099303,196.74414214820138,69.86479639850089,57.79424620423773,2885.314928382102,139.80051789331375,3.704260031976174,2.9180497588674363,9.903818907150276,116.29400079109845,5493.463864404875,21.820230733347998,23.505149516509828,23033.42638539693,0,1,0,1,1,0,0,0,0,1,0,0,0,0,1,0,0,0,0,0,1,0,0,0,0
